metric,share_events_flagged_by_pct,share_events_flagged_by_sd,delta_pre_minus_base,pct_change,sd_change
mean_hr,0.021505376344086023,0.2903225806451613,0.18803383940447582,0.004637973463710233,0.639630403057924
percent_active,0.6021505376344086,0.5698924731182796,-2.2043697138945753,0.05242874492256976,-0.30110279287691494
sleep_duration,0.2,0.3333333333333333,-0.15087610229276904,0.08375767827808324,1.3163014086758718
total_steps,0.632183908045977,0.4942528735632184,-1040.6336288165144,-0.1454275006767636,-0.6400827734050252
