metric,group_col,group1,group2,n1,n2,mean1,sd1,mean2,sd2,t_stat,p_value,cohens_d,p_adj_fdr,reject_fdr
total_steps,role,Patients,Caregivers,11644,14323,5061.5014599793885,10115.559495218831,11996.45597989248,47863.161222226256,-16.882813706717574,2.1497805937193357e-63,-0.19164147797378067,0.0,True
mean_hr,role,Patients,Caregivers,12107,14518,82.38147917061292,11.281216999680906,78.18988669653226,9.973782845570588,31.80958777221863,1.3267797328754588e-217,0.39586899649619633,0.0,True
sleep_duration,role,Patients,Caregivers,1964,1145,3.6684727879610772,2.738520123707035,4.010629063561377,2.613049057664979,-3.4595107228868813,0.0005502770924485225,-0.12705386922291773,0.0,True
percent_active,role,Patients,Caregivers,12107,14517,11.078462277581652,8.460419043039126,20.807775626491757,10.732082226268444,-82.68326370760822,0.0,-0.9963645467859445,0.0,True
ASLEEP_MIN,role,Patients,Caregivers,1964,1145,197.54735234215886,145.22918560193813,221.31703056768558,146.47008548582087,-4.378153823537048,1.2487181063775075e-05,-0.16315544127230505,0.0,True
INBED_VALUE,role,Patients,Caregivers,1964,1145,219.75763747454175,164.25988105876456,240.3825327510917,156.88033402921488,-3.4747145685014984,0.0005201644080106413,-0.12764357411087632,0.0,True
sleep_efficiency,role,Patients,Caregivers,1964,1145,0.9045255726298925,0.0735206968445954,0.9187776116218818,0.0770983553231285,-5.056716733911352,4.6019042352582227e-07,-0.1903879476894402,0.0,True
MOOD,role,Patients,Caregivers,24371,31414,7.31951910057035,2.2146683821362134,7.173903355191952,2.0797839064033017,7.909377567344522,2.638756379440998e-15,0.06805246066486975,0.0,True
